company,score_key,source_type,title,url,reliability_score,evidence_summary,checked_date
NTTデータ,new_grad_access_score,採用ページ,新卒採用情報,https://www.nttdata.com/global/ja/recruit/,4,公式採用サイトで職種・募集要項・イベント導線を確認,2026-05-14
NTTデータ,disclosure_score,IR,統合レポート/アニュアルレポート,https://www.nttdata.com/global/ja/investors/library/annualreport/,5,IRライブラリで統合レポート・事業戦略・人的資本情報を確認,2026-05-14
NTTデータ,culture_clarity_score,選考体験記,選考体験記・口コミ確認,,2,社風、選考フロー、面接傾向、働き方の補助ソース。複数サイトで裏取り推奨。,2026-05-14
富士通,new_grad_access_score,採用ページ,新卒採用情報,https://fujitsu.recruiting.jp.fujitsu.com/,4,公式新卒採用サイトで募集職種と選考情報を確認,2026-05-14
富士通,disclosure_score,IR,統合レポート,https://global.fujitsu/ja-jp/ir/library/integratedrep/,5,統合レポートで事業戦略・財務・サステナビリティ情報を確認,2026-05-14
富士通,culture_clarity_score,選考体験記,選考体験記・口コミ確認,,2,社風、選考フロー、面接傾向、働き方の補助ソース。複数サイトで裏取り推奨。,2026-05-14
NEC,new_grad_access_score,採用ページ,新卒採用情報,https://jpn.nec.com/recruit/newgraduate/,4,公式新卒採用サイトで職種・募集要項を確認,2026-05-14
NEC,disclosure_score,IR,統合レポート/アニュアルレポート,https://jpn.nec.com/ir/library/annual/index.html,5,IRライブラリで統合レポートと人的資本情報を確認,2026-05-14
NEC,culture_clarity_score,選考体験記,選考体験記・口コミ確認,,2,社風、選考フロー、面接傾向、働き方の補助ソース。複数サイトで裏取り推奨。,2026-05-14
日立製作所,new_grad_access_score,採用ページ,新卒採用情報,https://www.hitachi.co.jp/recruit/newgraduate/,4,公式新卒採用サイトで募集職種・イベント導線を確認,2026-05-14
日立製作所,disclosure_score,IR,統合報告書,https://www.hitachi.co.jp/IR/library/integrated/,5,統合報告書で事業戦略・人的資本・財務情報を確認,2026-05-14
日立製作所,culture_clarity_score,選考体験記,選考体験記・口コミ確認,,2,社風、選考フロー、面接傾向、働き方の補助ソース。複数サイトで裏取り推奨。,2026-05-14
NTTドコモ,new_grad_access_score,採用ページ,新卒採用情報,https://information.nttdocomo-fresh.jp/,4,公式新卒採用サイトでエントリー・募集情報を確認,2026-05-14
NTTドコモ,disclosure_score,IR,NTTグループ統合報告書,https://group.ntt/jp/ir/library/annual/,5,親会社NTTの統合報告書で通信事業と人的資本情報を確認,2026-05-14
NTTドコモ,culture_clarity_score,選考体験記,選考体験記・口コミ確認,,2,社風、選考フロー、面接傾向、働き方の補助ソース。複数サイトで裏取り推奨。,2026-05-14
KDDI,new_grad_access_score,採用ページ,新卒採用情報,https://career.kddi.com/recruit/student/,4,公式新卒採用サイトで募集要項・イベントを確認,2026-05-14
KDDI,disclosure_score,IR,統合レポート,https://www.kddi.com/corporate/ir/ir-library/annual-report/,5,統合レポートで通信事業・成長戦略・人的資本情報を確認,2026-05-14
KDDI,culture_clarity_score,選考体験記,選考体験記・口コミ確認,,2,社風、選考フロー、面接傾向、働き方の補助ソース。複数サイトで裏取り推奨。,2026-05-14
ソフトバンク,new_grad_access_score,採用ページ,新卒採用情報,https://recruit.softbank.jp/graduate/,4,公式新卒採用サイトで職種・募集要項を確認,2026-05-14
ソフトバンク,disclosure_score,IR,アニュアルレポート,https://group.softbank/ir/library/annual_reports,5,IRライブラリでグループ戦略・財務情報を確認,2026-05-14
ソフトバンク,culture_clarity_score,選考体験記,選考体験記・口コミ確認,,2,社風、選考フロー、面接傾向、働き方の補助ソース。複数サイトで裏取り推奨。,2026-05-14
楽天グループ,new_grad_access_score,採用ページ,新卒採用情報,https://corp.rakuten.co.jp/careers/graduates/,4,公式新卒採用サイトで募集職種と採用情報を確認,2026-05-14
楽天グループ,disclosure_score,IR,アニュアルレポート,https://corp.rakuten.co.jp/investors/documents/annual.html,5,IR資料で事業セグメント・財務・成長戦略を確認,2026-05-14
楽天グループ,culture_clarity_score,選考体験記,選考体験記・口コミ確認,,2,社風、選考フロー、面接傾向、働き方の補助ソース。複数サイトで裏取り推奨。,2026-05-14
サイバーエージェント,new_grad_access_score,採用ページ,新卒採用情報,https://www.cyberagent.co.jp/careers/students/,4,公式採用サイトで職種・選考情報を確認,2026-05-14
サイバーエージェント,disclosure_score,IR,統合報告書/アニュアルレポート,https://www.cyberagent.co.jp/ir/library/annual/,5,IRライブラリでメディア・広告・ゲーム事業と財務情報を確認,2026-05-14
サイバーエージェント,culture_clarity_score,選考体験記,選考体験記・口コミ確認,,2,社風、選考フロー、面接傾向、働き方の補助ソース。複数サイトで裏取り推奨。,2026-05-14
LINEヤフー,new_grad_access_score,採用ページ,新卒採用情報,https://www.lycorp.co.jp/ja/recruit/newgrads/,4,公式新卒採用サイトで職種と募集情報を確認,2026-05-14
LINEヤフー,disclosure_score,IR,統合報告書,https://www.lycorp.co.jp/ja/ir/library/annualreport/,5,IRライブラリで事業統合後の戦略と人的資本情報を確認,2026-05-14
LINEヤフー,culture_clarity_score,選考体験記,選考体験記・口コミ確認,,2,社風、選考フロー、面接傾向、働き方の補助ソース。複数サイトで裏取り推奨。,2026-05-14
DeNA,new_grad_access_score,採用ページ,新卒採用情報,https://dena.com/jp/recruit/students/,4,公式新卒採用サイトで募集職種と選考情報を確認,2026-05-14
DeNA,disclosure_score,IR,統合報告書,https://dena.com/jp/ir/library/annualreport/,5,IRライブラリで事業戦略・財務情報を確認,2026-05-14
DeNA,culture_clarity_score,選考体験記,選考体験記・口コミ確認,,2,社風、選考フロー、面接傾向、働き方の補助ソース。複数サイトで裏取り推奨。,2026-05-14
メルカリ,new_grad_access_score,採用ページ,新卒採用情報,https://careers.mercari.com/students/,4,公式採用サイトで新卒・学生向け募集情報を確認,2026-05-14
メルカリ,disclosure_score,IR,統合報告書,https://about.mercari.com/ir/library/annual-report/,5,IRライブラリでマーケットプレイス事業と人的資本情報を確認,2026-05-14
メルカリ,culture_clarity_score,選考体験記,選考体験記・口コミ確認,,2,社風、選考フロー、面接傾向、働き方の補助ソース。複数サイトで裏取り推奨。,2026-05-14
Sansan,new_grad_access_score,採用ページ,新卒採用情報,https://jp.corp-sansan.com/recruit/graduates/,4,公式新卒採用サイトで募集職種・カルチャー情報を確認,2026-05-14
Sansan,disclosure_score,IR,有価証券報告書/統合資料,https://ir.corp-sansan.com/ja/ir/library/annual.html,5,IRライブラリで財務・事業成長情報を確認,2026-05-14
Sansan,culture_clarity_score,選考体験記,選考体験記・口コミ確認,,2,社風、選考フロー、面接傾向、働き方の補助ソース。複数サイトで裏取り推奨。,2026-05-14
NTTデータビジネスシステムズ,new_grad_access_score,採用ページ,新卒マイページ,https://www.nttdata-bizsys.co.jp/recruit/newgraduate/recruit/mypage.html,5,公式新卒採用マイページ導線を確認,2026-05-14
NTTデータビジネスシステムズ,disclosure_score,IR,NTTデータ統合レポート,https://www.nttdata.com/global/ja/investors/library/annualreport/,5,親会社グループの統合レポートで事業基盤と人的資本情報を確認,2026-05-14
NTTデータビジネスシステムズ,culture_clarity_score,選考体験記,選考体験記・口コミ確認,,2,社風、選考フロー、面接傾向、働き方の補助ソース。複数サイトで裏取り推奨。,2026-05-14
アクセンチュア,new_grad_access_score,採用ページ,新卒採用情報,https://www.accenture.com/jp-ja/careers/local/graduate,4,公式新卒採用サイトで職種・選考情報を確認,2026-05-14
アクセンチュア,disclosure_score,IR,Annual Report,https://www.accenture.com/us-en/about/company/annual-report,5,グローバル年次報告で事業構造・財務・人材戦略を確認,2026-05-14
アクセンチュア,culture_clarity_score,選考体験記,選考体験記・口コミ確認,,2,社風、選考フロー、面接傾向、働き方の補助ソース。複数サイトで裏取り推奨。,2026-05-14
デロイトトーマツコンサルティング,new_grad_access_score,採用ページ,新卒採用情報,https://www2.deloitte.com/jp/ja/pages/careers/articles/newgraduates.html,4,公式新卒採用サイトで募集部門・選考情報を確認,2026-05-14
デロイトトーマツコンサルティング,disclosure_score,IR,透明性報告書,https://www2.deloitte.com/jp/ja/pages/about-deloitte/articles/audit/transparency-report.html,5,非上場のため透明性報告書等で組織・品質管理情報を確認,2026-05-14
デロイトトーマツコンサルティング,culture_clarity_score,選考体験記,選考体験記・口コミ確認,,2,社風、選考フロー、面接傾向、働き方の補助ソース。複数サイトで裏取り推奨。,2026-05-14
PwCコンサルティング,new_grad_access_score,採用ページ,新卒採用情報,https://www.pwc.com/jp/ja/careers/new-graduate-cd.html,4,公式新卒採用サイトで募集部門・選考情報を確認,2026-05-14
PwCコンサルティング,disclosure_score,IR,Global Annual Review,https://www.pwc.com/gx/en/about/global-annual-review.html,5,グローバル年次レビューで事業・人材・サステナビリティ情報を確認,2026-05-14
PwCコンサルティング,culture_clarity_score,選考体験記,選考体験記・口コミ確認,,2,社風、選考フロー、面接傾向、働き方の補助ソース。複数サイトで裏取り推奨。,2026-05-14
KPMGコンサルティング,new_grad_access_score,採用ページ,新卒採用情報,https://recruit.kpmg-consulting.jp/new-graduate,5,公式新卒採用サイトで募集部門・選考情報を確認,2026-05-14
KPMGコンサルティング,disclosure_score,IR,透明性報告書,https://kpmg.com/jp/ja/home/about/governance/transparency-report.html,5,非上場のため透明性報告書等で組織・品質管理情報を確認,2026-05-14
KPMGコンサルティング,culture_clarity_score,選考体験記,選考体験記・口コミ確認,,2,社風、選考フロー、面接傾向、働き方の補助ソース。複数サイトで裏取り推奨。,2026-05-14
EYストラテジー・アンド・コンサルティング,new_grad_access_score,採用ページ,学生・新卒採用情報,https://www.ey.com/ja_jp/careers/students,4,公式採用サイトで学生向け募集情報を確認,2026-05-14
EYストラテジー・アンド・コンサルティング,disclosure_score,IR,Value Realized,https://www.ey.com/en_gl/about-us/ey-value-realized,5,グローバルレポートで事業・人材・社会価値情報を確認,2026-05-14
EYストラテジー・アンド・コンサルティング,culture_clarity_score,選考体験記,選考体験記・口コミ確認,,2,社風、選考フロー、面接傾向、働き方の補助ソース。複数サイトで裏取り推奨。,2026-05-14
ベイカレント,new_grad_access_score,採用ページ,新卒採用情報,https://www.baycurrent.co.jp/recruit/newgraduate/,4,公式新卒採用サイトで募集要項・選考情報を確認,2026-05-14
ベイカレント,disclosure_score,IR,IRライブラリ,https://www.baycurrent.co.jp/ir/library/,5,IRライブラリで決算・開示資料を確認,2026-05-14
ベイカレント,culture_clarity_score,選考体験記,選考体験記・口コミ確認,,2,社風、選考フロー、面接傾向、働き方の補助ソース。複数サイトで裏取り推奨。,2026-05-14
アビームコンサルティング,new_grad_access_score,採用ページ,新卒採用情報,https://www.abeam.com/jp/ja/careers/newgrads/,4,公式新卒採用サイトで職種・選考情報を確認,2026-05-14
アビームコンサルティング,disclosure_score,IR,会社情報,https://www.abeam.com/jp/ja/about/,5,非上場のため会社情報・サステナビリティ情報を補助ソースとして確認,2026-05-14
アビームコンサルティング,culture_clarity_score,選考体験記,選考体験記・口コミ確認,,2,社風、選考フロー、面接傾向、働き方の補助ソース。複数サイトで裏取り推奨。,2026-05-14
野村総合研究所,new_grad_access_score,採用ページ,新卒採用情報,https://working.nri.co.jp/,4,公式採用サイトで職種・選考情報を確認,2026-05-14
野村総合研究所,disclosure_score,IR,統合レポート,https://ir.nri.com/jp/ir/library/integrated.html,5,統合レポートで事業戦略・人的資本・財務情報を確認,2026-05-14
野村総合研究所,culture_clarity_score,選考体験記,選考体験記・口コミ確認,,2,社風、選考フロー、面接傾向、働き方の補助ソース。複数サイトで裏取り推奨。,2026-05-14
三菱商事,new_grad_access_score,採用ページ,新卒採用情報,https://career.mitsubishicorp.com/newgraduate/,4,公式新卒採用サイトで募集要項・イベント導線を確認,2026-05-14
三菱商事,disclosure_score,IR,統合報告書,https://www.mitsubishicorp.com/jp/ja/ir/library/ar/,5,統合報告書で事業投資・財務・人的資本情報を確認,2026-05-14
三菱商事,culture_clarity_score,選考体験記,選考体験記・口コミ確認,,2,社風、選考フロー、面接傾向、働き方の補助ソース。複数サイトで裏取り推奨。,2026-05-14
三井物産,new_grad_access_score,採用ページ,2028年度キャリア教育/新卒採用マイページ,https://mitsui.i-web.jpn.com/2028/,5,2028年度向けの公式マイページ導線を確認,2026-05-14
三井物産,disclosure_score,IR,統合報告書2025,https://www.mitsui.com/jp/ja/ir/library/online2025/,5,統合報告書で事業ポートフォリオ・人的資本情報を確認,2026-05-14
三井物産,culture_clarity_score,選考体験記,選考体験記・口コミ確認,,2,社風、選考フロー、面接傾向、働き方の補助ソース。複数サイトで裏取り推奨。,2026-05-14
伊藤忠商事,new_grad_access_score,採用ページ,募集要項・新卒採用情報,https://career.itochu.co.jp/student/information/index.html,4,公式新卒採用サイトで職掌・応募要件・処遇を確認,2026-05-14
伊藤忠商事,disclosure_score,IR,統合レポート,https://www.itochu.co.jp/ja/ir/doc/annual_report/index.html,5,統合レポートで事業構造・人的資本・財務情報を確認,2026-05-14
伊藤忠商事,culture_clarity_score,選考体験記,選考体験記・口コミ確認,,2,社風、選考フロー、面接傾向、働き方の補助ソース。複数サイトで裏取り推奨。,2026-05-14
住友商事,new_grad_access_score,採用ページ,新卒採用情報,https://www.sumitomocorp.com/ja/jp/saiyo,4,公式採用サイトで募集情報・職掌を確認,2026-05-14
住友商事,disclosure_score,IR,統合報告書,https://www.sumitomocorp.com/ja/jp/ir/report/integrated-report,5,統合報告書で事業戦略・人的資本・財務情報を確認,2026-05-14
住友商事,culture_clarity_score,選考体験記,選考体験記・口コミ確認,,2,社風、選考フロー、面接傾向、働き方の補助ソース。複数サイトで裏取り推奨。,2026-05-14
丸紅,new_grad_access_score,採用ページ,新卒採用情報,https://www.marubeni.com/jp/recruit/,4,公式採用サイトで募集情報・イベントを確認,2026-05-14
丸紅,disclosure_score,IR,統合報告書,https://www.marubeni.com/jp/ir/reports/integrated_report/,5,統合報告書で事業ポートフォリオ・人的資本情報を確認,2026-05-14
丸紅,culture_clarity_score,選考体験記,選考体験記・口コミ確認,,2,社風、選考フロー、面接傾向、働き方の補助ソース。複数サイトで裏取り推奨。,2026-05-14
豊田通商,new_grad_access_score,採用ページ,新卒採用情報,https://www.toyota-tsusho-recruit.com/saiyo/,4,公式新卒採用サイトで募集職種・選考情報を確認,2026-05-14
豊田通商,disclosure_score,IR,統合レポート,https://www.toyota-tsusho.com/ir/library/integrated-report/,5,統合レポートで事業戦略・財務・人的資本情報を確認,2026-05-14
豊田通商,culture_clarity_score,選考体験記,選考体験記・口コミ確認,,2,社風、選考フロー、面接傾向、働き方の補助ソース。複数サイトで裏取り推奨。,2026-05-14
双日,new_grad_access_score,採用ページ,新卒採用情報,https://www.sojitz.com/jp/recruit/,4,公式採用サイトで募集情報を確認,2026-05-14
双日,disclosure_score,IR,統合報告書,https://www.sojitz.com/jp/ir/reports/integrated/,5,統合報告書で事業戦略・人的資本情報を確認,2026-05-14
双日,culture_clarity_score,選考体験記,選考体験記・口コミ確認,,2,社風、選考フロー、面接傾向、働き方の補助ソース。複数サイトで裏取り推奨。,2026-05-14
兼松,new_grad_access_score,採用ページ,新卒採用情報,https://www.kanematsu.co.jp/recruit/,4,公式採用サイトで募集要項を確認,2026-05-14
兼松,disclosure_score,IR,統合報告書,https://www.kanematsu.co.jp/ir/library/integrated_report/,5,統合報告書で事業戦略・財務情報を確認,2026-05-14
兼松,culture_clarity_score,選考体験記,選考体験記・口コミ確認,,2,社風、選考フロー、面接傾向、働き方の補助ソース。複数サイトで裏取り推奨。,2026-05-14
三井住友銀行,new_grad_access_score,採用ページ,新卒採用情報,https://www.smbc-freshers.com/,5,公式新卒採用サイトで募集職種・選考情報を確認,2026-05-14
三井住友銀行,disclosure_score,IR,統合報告書,https://www.smfg.co.jp/investor/library/annual/,5,SMFG統合報告書で銀行事業・人的資本情報を確認,2026-05-14
三井住友銀行,culture_clarity_score,選考体験記,選考体験記・口コミ確認,,2,社風、選考フロー、面接傾向、働き方の補助ソース。複数サイトで裏取り推奨。,2026-05-14
三菱UFJ銀行,new_grad_access_score,採用ページ,新卒採用情報,https://www.saiyo.bk.mufg.jp/,4,公式新卒採用サイトで募集職種・選考情報を確認,2026-05-14
三菱UFJ銀行,disclosure_score,IR,統合報告書/ディスクロージャー誌,https://www.mufg.jp/ir/report/disclosure/,5,MUFG開示資料で銀行事業・人的資本情報を確認,2026-05-14
三菱UFJ銀行,culture_clarity_score,選考体験記,選考体験記・口コミ確認,,2,社風、選考フロー、面接傾向、働き方の補助ソース。複数サイトで裏取り推奨。,2026-05-14
みずほフィナンシャルグループ,new_grad_access_score,採用ページ,新卒採用情報,https://www.mizuho-fg.co.jp/saiyou/index.html,4,公式採用サイトで募集職種・選考情報を確認,2026-05-14
みずほフィナンシャルグループ,disclosure_score,IR,統合報告書/ディスクロージャー誌,https://www.mizuho-fg.co.jp/investors/financial/disclosure/index.html,5,開示資料で銀行事業・人的資本情報を確認,2026-05-14
みずほフィナンシャルグループ,culture_clarity_score,選考体験記,選考体験記・口コミ確認,,2,社風、選考フロー、面接傾向、働き方の補助ソース。複数サイトで裏取り推奨。,2026-05-14
野村證券,new_grad_access_score,採用ページ,新卒採用情報,https://www.nomura-recruit.jp/graduate/,4,公式新卒採用サイトで募集職種・選考情報を確認,2026-05-14
野村證券,disclosure_score,IR,統合報告書/アニュアルレポート,https://www.nomuraholdings.com/jp/investor/library/ar/,5,野村HDの統合報告書で証券事業・財務情報を確認,2026-05-14
野村證券,culture_clarity_score,選考体験記,選考体験記・口コミ確認,,2,社風、選考フロー、面接傾向、働き方の補助ソース。複数サイトで裏取り推奨。,2026-05-14
大和証券,new_grad_access_score,採用ページ,新卒採用情報,https://www.daiwa-grp-recruit.jp/,4,公式採用サイトで募集職種・選考情報を確認,2026-05-14
大和証券,disclosure_score,IR,統合報告書/アニュアルレポート,https://www.daiwa-grp.jp/ir/toolkit/annualreport.html,5,大和証券グループの統合報告書で事業・財務情報を確認,2026-05-14
大和証券,culture_clarity_score,選考体験記,選考体験記・口コミ確認,,2,社風、選考フロー、面接傾向、働き方の補助ソース。複数サイトで裏取り推奨。,2026-05-14
SMBC日興証券,new_grad_access_score,採用ページ,新卒採用情報,https://www.smbcnikko.co.jp/recruit/newgraduate/,4,公式新卒採用サイトで募集職種・選考情報を確認,2026-05-14
SMBC日興証券,disclosure_score,IR,SMFG統合報告書,https://www.smfg.co.jp/investor/library/annual/,5,グループ開示資料で証券事業と人的資本情報を補完,2026-05-14
SMBC日興証券,culture_clarity_score,選考体験記,選考体験記・口コミ確認,,2,社風、選考フロー、面接傾向、働き方の補助ソース。複数サイトで裏取り推奨。,2026-05-14
東京海上日動火災保険,new_grad_access_score,採用ページ,新卒採用情報,https://www.saiyou.tokiomarine-nichido.co.jp/,4,公式新卒採用サイトで募集職種・選考情報を確認,2026-05-14
東京海上日動火災保険,disclosure_score,IR,統合レポート,https://www.tokiomarinehd.com/ir/library/annual_report/,5,東京海上HD統合レポートで保険事業・人的資本情報を確認,2026-05-14
東京海上日動火災保険,culture_clarity_score,選考体験記,選考体験記・口コミ確認,,2,社風、選考フロー、面接傾向、働き方の補助ソース。複数サイトで裏取り推奨。,2026-05-14
三井住友海上火災保険,new_grad_access_score,採用ページ,新卒採用情報,https://www.msig-saiyou.com/,4,公式新卒採用サイトで募集職種・選考情報を確認,2026-05-14
三井住友海上火災保険,disclosure_score,IR,統合レポート/ディスクロージャー誌,https://www.ms-ad-hd.com/ja/ir/library/disclosure.html,5,MS&AD開示資料で保険事業・人的資本情報を確認,2026-05-14
三井住友海上火災保険,culture_clarity_score,選考体験記,選考体験記・口コミ確認,,2,社風、選考フロー、面接傾向、働き方の補助ソース。複数サイトで裏取り推奨。,2026-05-14
損害保険ジャパン,new_grad_access_score,採用ページ,新卒採用情報,https://www.sompo-japan-saiyo.com/,4,公式新卒採用サイトで募集職種・選考情報を確認,2026-05-14
損害保険ジャパン,disclosure_score,IR,統合レポート/ディスクロージャー誌,https://www.sompo-hd.com/ir/data/disclosure/,5,SOMPO HD開示資料で保険事業・人的資本情報を確認,2026-05-14
損害保険ジャパン,culture_clarity_score,選考体験記,選考体験記・口コミ確認,,2,社風、選考フロー、面接傾向、働き方の補助ソース。複数サイトで裏取り推奨。,2026-05-14
日本生命保険,new_grad_access_score,採用ページ,新卒採用情報,https://www.nissay-saiyo.com/,4,公式新卒採用サイトで募集職種・選考情報を確認,2026-05-14
日本生命保険,disclosure_score,IR,業績・ディスクロージャー資料,https://www.nissay.co.jp/kaisha/annai/gyoseki/,5,相互会社のため業績・ディスクロージャー資料で経営情報を確認,2026-05-14
日本生命保険,culture_clarity_score,選考体験記,選考体験記・口コミ確認,,2,社風、選考フロー、面接傾向、働き方の補助ソース。複数サイトで裏取り推奨。,2026-05-14
第一生命保険,new_grad_access_score,採用ページ,新卒採用情報,https://www.dai-ichi-life-saiyo.jp/,4,公式新卒採用サイトで募集職種・選考情報を確認,2026-05-14
第一生命保険,disclosure_score,IR,統合報告書,https://www.dai-ichi-life-hd.com/investor/library/annual_report/,5,第一生命HD統合報告書で保険事業・人的資本情報を確認,2026-05-14
第一生命保険,culture_clarity_score,選考体験記,選考体験記・口コミ確認,,2,社風、選考フロー、面接傾向、働き方の補助ソース。複数サイトで裏取り推奨。,2026-05-14
アコム,new_grad_access_score,採用ページ,新卒採用情報,https://www.acom.co.jp/recruit/graduates/,5,公式新卒採用サイトで募集職種・選考情報を確認,2026-05-14
アコム,disclosure_score,IR,アニュアルレポート,https://www.acom.co.jp/corp/ir/library/annual/,5,IRライブラリで財務・事業情報を確認,2026-05-14
アコム,culture_clarity_score,選考体験記,選考体験記・口コミ確認,,2,社風、選考フロー、面接傾向、働き方の補助ソース。複数サイトで裏取り推奨。,2026-05-14
トヨタ自動車,new_grad_access_score,採用ページ,新卒採用情報,https://www.toyota-recruit.com/saiyo/,4,公式新卒採用サイトで募集職種・選考情報を確認,2026-05-14
トヨタ自動車,disclosure_score,IR,統合報告書,https://global.toyota/jp/ir/library/annual/,5,統合報告書で事業戦略・人的資本・財務情報を確認,2026-05-14
トヨタ自動車,culture_clarity_score,選考体験記,選考体験記・口コミ確認,,2,社風、選考フロー、面接傾向、働き方の補助ソース。複数サイトで裏取り推奨。,2026-05-14
本田技研工業,new_grad_access_score,採用ページ,新卒採用情報,https://www.honda-recruit.jp/,4,公式新卒採用サイトで募集職種・選考情報を確認,2026-05-14
本田技研工業,disclosure_score,IR,統合報告書,https://global.honda/jp/investors/library/annual_report.html,5,統合報告書で四輪・二輪事業と人的資本情報を確認,2026-05-14
本田技研工業,culture_clarity_score,選考体験記,選考体験記・口コミ確認,,2,社風、選考フロー、面接傾向、働き方の補助ソース。複数サイトで裏取り推奨。,2026-05-14
日産自動車,new_grad_access_score,採用ページ,新卒採用情報,https://www.nissanmotor.jobs/japan/NE/,4,公式採用サイトで新卒募集情報を確認,2026-05-14
日産自動車,disclosure_score,IR,アニュアルレポート,https://www.nissan-global.com/JP/IR/LIBRARY/ANNUAL/,5,IRライブラリで事業戦略・財務情報を確認,2026-05-14
日産自動車,culture_clarity_score,選考体験記,選考体験記・口コミ確認,,2,社風、選考フロー、面接傾向、働き方の補助ソース。複数サイトで裏取り推奨。,2026-05-14
マツダ,new_grad_access_score,採用ページ,2028年度新卒採用エントリー,https://www.mazda.com/ja/careers/newgraduate-1/recruitment/entry-2028,5,公式2028年度新卒採用エントリー導線を確認,2026-05-14
マツダ,disclosure_score,IR,統合報告書,https://www.mazda.com/ja/investors/library/annual/,5,統合報告書で事業戦略・人的資本情報を確認,2026-05-14
マツダ,culture_clarity_score,選考体験記,選考体験記・口コミ確認,,2,社風、選考フロー、面接傾向、働き方の補助ソース。複数サイトで裏取り推奨。,2026-05-14
スズキ,new_grad_access_score,採用ページ,新卒採用情報,https://saiyo.suzuki.co.jp/,4,公式採用サイトで募集職種・選考情報を確認,2026-05-14
スズキ,disclosure_score,IR,統合報告書,https://www.suzuki.co.jp/ir/library/annualreport/,5,統合報告書で事業戦略・財務情報を確認,2026-05-14
スズキ,culture_clarity_score,選考体験記,選考体験記・口コミ確認,,2,社風、選考フロー、面接傾向、働き方の補助ソース。複数サイトで裏取り推奨。,2026-05-14
SUBARU,new_grad_access_score,採用ページ,新卒採用情報,https://www.subaru.co.jp/jinji/guide/,4,公式採用サイトで募集職種・選考情報を確認,2026-05-14
SUBARU,disclosure_score,IR,統合レポート/アニュアルレポート,https://www.subaru.co.jp/ir/library/annual-reports.html,5,IRライブラリで事業戦略・財務情報を確認,2026-05-14
SUBARU,culture_clarity_score,選考体験記,選考体験記・口コミ確認,,2,社風、選考フロー、面接傾向、働き方の補助ソース。複数サイトで裏取り推奨。,2026-05-14
デンソー,new_grad_access_score,採用ページ,新卒採用情報,https://www.denso.com/jp/ja/careers/newgraduate/,4,公式新卒採用サイトで募集職種・選考情報を確認,2026-05-14
デンソー,disclosure_score,IR,統合報告書,https://www.denso.com/jp/ja/about-us/investors/library/annual-report/,5,統合報告書で事業戦略・人的資本情報を確認,2026-05-14
デンソー,culture_clarity_score,選考体験記,選考体験記・口コミ確認,,2,社風、選考フロー、面接傾向、働き方の補助ソース。複数サイトで裏取り推奨。,2026-05-14
アイシン,new_grad_access_score,採用ページ,新卒採用情報,https://www.aisin.com/jp/recruit/,4,公式採用サイトで募集職種・選考情報を確認,2026-05-14
アイシン,disclosure_score,IR,統合報告書,https://www.aisin.com/jp/investors/library/annual/,5,統合報告書で事業戦略・財務情報を確認,2026-05-14
アイシン,culture_clarity_score,選考体験記,選考体験記・口コミ確認,,2,社風、選考フロー、面接傾向、働き方の補助ソース。複数サイトで裏取り推奨。,2026-05-14
キーエンス,new_grad_access_score,採用ページ,新卒採用情報,https://www.keyence.co.jp/jobs/,5,公式採用サイトで新卒採用情報と職種情報を確認,2026-05-14
キーエンス,disclosure_score,IR,アニュアルレポート,https://www.keyence.co.jp/company/ir/library/annualreport/,5,IRライブラリで業績と事業情報を確認,2026-05-14
キーエンス,culture_clarity_score,選考体験記,選考体験記・口コミ確認,,2,社風、選考フロー、面接傾向、働き方の補助ソース。複数サイトで裏取り推奨。,2026-05-14
ファナック,new_grad_access_score,採用ページ,採用情報,https://www.fanuc.co.jp/ja/recruit/index.html,4,公式採用サイトで新卒採用導線を確認,2026-05-14
ファナック,disclosure_score,IR,アニュアルレポート,https://www.fanuc.co.jp/ja/ir/annualreport/index.html,5,IR資料でFAとロボット事業の状況を確認,2026-05-14
ファナック,culture_clarity_score,選考体験記,選考体験記・口コミ確認,,2,社風、選考フロー、面接傾向、働き方の補助ソース。複数サイトで裏取り推奨。,2026-05-14
小松製作所,new_grad_access_score,採用ページ,新卒採用情報,https://www.komatsu.jp/ja/recruit/newgrads,4,公式新卒採用サイトで募集職種と選考情報を確認,2026-05-14
小松製作所,disclosure_score,IR,統合報告書,https://www.komatsu.jp/ja/ir/library/annual,5,統合報告書で建機事業と人的資本情報を確認,2026-05-14
小松製作所,culture_clarity_score,選考体験記,選考体験記・口コミ確認,,2,社風、選考フロー、面接傾向、働き方の補助ソース。複数サイトで裏取り推奨。,2026-05-14
クボタ,new_grad_access_score,採用ページ,新卒採用情報,https://www.kubota.co.jp/recruit/newgraduates/,4,公式新卒採用サイトで募集職種と事業情報を確認,2026-05-14
クボタ,disclosure_score,IR,統合報告書,https://www.kubota.co.jp/ir/financial/integrated/,5,統合報告書で農機と水環境事業の戦略を確認,2026-05-14
クボタ,culture_clarity_score,選考体験記,選考体験記・口コミ確認,,2,社風、選考フロー、面接傾向、働き方の補助ソース。複数サイトで裏取り推奨。,2026-05-14
ソニーグループ,new_grad_access_score,採用ページ,2028年度新卒採用情報,https://www.recruit.sony.co.jp/2028/,5,公式2028年度新卒採用サイトを確認,2026-05-14
ソニーグループ,disclosure_score,IR,統合報告書,https://www.sony.com/ja/SonyInfo/IR/library/presen/annual_report/,5,統合報告書でエンタメと半導体を含む事業戦略を確認,2026-05-14
ソニーグループ,culture_clarity_score,選考体験記,選考体験記・口コミ確認,,2,社風、選考フロー、面接傾向、働き方の補助ソース。複数サイトで裏取り推奨。,2026-05-14
パナソニックグループ,new_grad_access_score,採用ページ,新卒採用情報,https://recruit.jpn.panasonic.com/newgrads/,4,公式新卒採用サイトで募集職種と選考情報を確認,2026-05-14
パナソニックグループ,disclosure_score,IR,統合報告書,https://holdings.panasonic/jp/corporate/investors/library/annual-report.html,5,統合報告書で事業ポートフォリオと人的資本情報を確認,2026-05-14
パナソニックグループ,culture_clarity_score,選考体験記,選考体験記・口コミ確認,,2,社風、選考フロー、面接傾向、働き方の補助ソース。複数サイトで裏取り推奨。,2026-05-14
三菱電機,new_grad_access_score,採用ページ,新卒採用情報,https://www.mitsubishielectric.co.jp/saiyo/graduates/,4,公式新卒採用サイトで募集職種と選考情報を確認,2026-05-14
三菱電機,disclosure_score,IR,統合報告書,https://www.mitsubishielectric.co.jp/ir/library/annual_report/,5,統合報告書でFAと社会インフラ事業を確認,2026-05-14
三菱電機,culture_clarity_score,選考体験記,選考体験記・口コミ確認,,2,社風、選考フロー、面接傾向、働き方の補助ソース。複数サイトで裏取り推奨。,2026-05-14
東芝,new_grad_access_score,採用ページ,新卒採用情報,https://www.global.toshiba/jp/recruit/corporate/newgraduates.html,4,公式新卒採用サイトで募集職種を確認,2026-05-14
東芝,disclosure_score,IR,統合報告書,https://www.global.toshiba/jp/ir/corporate/library/annual.html,5,統合報告書で事業再編と人材情報を確認,2026-05-14
東芝,culture_clarity_score,選考体験記,選考体験記・口コミ確認,,2,社風、選考フロー、面接傾向、働き方の補助ソース。複数サイトで裏取り推奨。,2026-05-14
シャープ,new_grad_access_score,採用ページ,新卒採用情報,https://corporate.jp.sharp/recruit/newgraduate/,4,公式新卒採用サイトで募集職種を確認,2026-05-14
シャープ,disclosure_score,IR,統合報告書,https://corporate.jp.sharp/ir/library/annual/,5,IRライブラリで財務と事業情報を確認,2026-05-14
シャープ,culture_clarity_score,選考体験記,選考体験記・口コミ確認,,2,社風、選考フロー、面接傾向、働き方の補助ソース。複数サイトで裏取り推奨。,2026-05-14
キヤノン,new_grad_access_score,採用ページ,新卒採用情報,https://global.canon/ja/employ/new-graduate/,4,公式新卒採用サイトで職種と募集要項を確認,2026-05-14
キヤノン,disclosure_score,IR,統合報告書,https://global.canon/ja/ir/library/annual.html,5,統合報告書で事業戦略と財務情報を確認,2026-05-14
キヤノン,culture_clarity_score,選考体験記,選考体験記・口コミ確認,,2,社風、選考フロー、面接傾向、働き方の補助ソース。複数サイトで裏取り推奨。,2026-05-14
リコー,new_grad_access_score,採用ページ,新卒採用情報,https://jp.ricoh.com/jobs/new-graduate,4,公式新卒採用サイトで募集職種を確認,2026-05-14
リコー,disclosure_score,IR,統合報告書,https://jp.ricoh.com/IR/library/annual_report,5,統合報告書でオフィスサービス事業と人的資本情報を確認,2026-05-14
リコー,culture_clarity_score,選考体験記,選考体験記・口コミ確認,,2,社風、選考フロー、面接傾向、働き方の補助ソース。複数サイトで裏取り推奨。,2026-05-14
オムロン,new_grad_access_score,採用ページ,新卒採用情報,https://www.omron.com/jp/ja/recruit/newgraduate/,4,公式新卒採用サイトで募集職種を確認,2026-05-14
オムロン,disclosure_score,IR,統合レポート,https://www.omron.com/jp/ja/ir/irlib/annual/,5,統合レポートで制御機器事業と人的資本情報を確認,2026-05-14
オムロン,culture_clarity_score,選考体験記,選考体験記・口コミ確認,,2,社風、選考フロー、面接傾向、働き方の補助ソース。複数サイトで裏取り推奨。,2026-05-14
村田製作所,new_grad_access_score,採用ページ,新卒採用情報,https://recruit.murata.com/ja-jp/,4,公式採用サイトで募集職種とイベントを確認,2026-05-14
村田製作所,disclosure_score,IR,統合報告書,https://corporate.murata.com/ja-jp/ir/library/annualreport,5,統合報告書で電子部品事業と財務情報を確認,2026-05-14
村田製作所,culture_clarity_score,選考体験記,選考体験記・口コミ確認,,2,社風、選考フロー、面接傾向、働き方の補助ソース。複数サイトで裏取り推奨。,2026-05-14
TDK,new_grad_access_score,採用ページ,新卒採用情報,https://www.tdk.com/ja/careers/new_graduate/index.html,4,公式新卒採用サイトで募集職種を確認,2026-05-14
TDK,disclosure_score,IR,統合報告書,https://www.tdk.com/ja/ir/ir_library/annual_reports/index.html,5,統合報告書で電子部品と電池事業を確認,2026-05-14
TDK,culture_clarity_score,選考体験記,選考体験記・口コミ確認,,2,社風、選考フロー、面接傾向、働き方の補助ソース。複数サイトで裏取り推奨。,2026-05-14
東京エレクトロン,new_grad_access_score,採用ページ,新卒採用情報,https://www.tel.co.jp/recruit/newgraduate/,4,公式新卒採用サイトで募集職種を確認,2026-05-14
東京エレクトロン,disclosure_score,IR,統合報告書,https://www.tel.co.jp/ir/library/ar/,5,統合報告書で半導体製造装置事業と財務情報を確認,2026-05-14
東京エレクトロン,culture_clarity_score,選考体験記,選考体験記・口コミ確認,,2,社風、選考フロー、面接傾向、働き方の補助ソース。複数サイトで裏取り推奨。,2026-05-14
レーザーテック,new_grad_access_score,採用ページ,採用情報,https://www.lasertec.co.jp/recruit/,4,公式採用サイトで募集情報を確認,2026-05-14
レーザーテック,disclosure_score,IR,アニュアルレポート,https://www.lasertec.co.jp/ir/library/annualreport.html,5,IR資料で半導体検査装置事業と財務情報を確認,2026-05-14
レーザーテック,culture_clarity_score,選考体験記,選考体験記・口コミ確認,,2,社風、選考フロー、面接傾向、働き方の補助ソース。複数サイトで裏取り推奨。,2026-05-14
花王,new_grad_access_score,採用ページ,新卒採用情報,https://www.kao.co.jp/employment/kao-graduate/,4,公式新卒採用サイトで職種と募集要項を確認,2026-05-14
花王,disclosure_score,IR,統合レポート,https://www.kao.com/jp/corporate/investor-relations/library/reports/,5,統合レポートでブランドとESGと人的資本情報を確認,2026-05-14
花王,culture_clarity_score,選考体験記,選考体験記・口コミ確認,,2,社風、選考フロー、面接傾向、働き方の補助ソース。複数サイトで裏取り推奨。,2026-05-14
ライオン,new_grad_access_score,採用ページ,新卒採用情報,https://www.lion.co.jp/ja/recruit/newgraduate/,4,公式新卒採用サイトで募集職種を確認,2026-05-14
ライオン,disclosure_score,IR,統合レポート,https://www.lion.co.jp/ja/ir/library/ar/,5,統合レポートでヘルスケア事業と人的資本情報を確認,2026-05-14
ライオン,culture_clarity_score,選考体験記,選考体験記・口コミ確認,,2,社風、選考フロー、面接傾向、働き方の補助ソース。複数サイトで裏取り推奨。,2026-05-14
資生堂,new_grad_access_score,採用ページ,新卒採用情報,https://corp.shiseido.com/jp/careers/japan/newgrads/,4,公式新卒採用サイトで募集職種を確認,2026-05-14
資生堂,disclosure_score,IR,統合レポート,https://corp.shiseido.com/jp/ir/library/annual/,5,統合レポートでグローバル戦略と人的資本情報を確認,2026-05-14
資生堂,culture_clarity_score,選考体験記,選考体験記・口コミ確認,,2,社風、選考フロー、面接傾向、働き方の補助ソース。複数サイトで裏取り推奨。,2026-05-14
ユニ・チャーム,new_grad_access_score,採用ページ,新卒採用情報,https://www.unicharm.co.jp/ja/recruit/new-graduate.html,4,公式新卒採用サイトで募集職種を確認,2026-05-14
ユニ・チャーム,disclosure_score,IR,統合レポート,https://www.unicharm.co.jp/ja/ir/library/annual.html,5,統合レポートで海外展開とESG情報を確認,2026-05-14
ユニ・チャーム,culture_clarity_score,選考体験記,選考体験記・口コミ確認,,2,社風、選考フロー、面接傾向、働き方の補助ソース。複数サイトで裏取り推奨。,2026-05-14
サントリーホールディングス,new_grad_access_score,採用ページ,新卒採用情報,https://www.suntory.co.jp/recruit/fresh/,4,公式新卒採用サイトで募集職種を確認,2026-05-14
サントリーホールディングス,disclosure_score,IR,サステナビリティ/統合情報,https://www.suntory.co.jp/company/csr/report/,5,非上場のためサステナビリティ資料と会社情報で事業と人材情報を確認,2026-05-14
サントリーホールディングス,culture_clarity_score,選考体験記,選考体験記・口コミ確認,,2,社風、選考フロー、面接傾向、働き方の補助ソース。複数サイトで裏取り推奨。,2026-05-14
アサヒグループホールディングス,new_grad_access_score,採用ページ,新卒採用情報,https://www.asahigroup-holdings.com/recruit/fresh/,4,公式新卒採用サイトで募集情報を確認,2026-05-14
アサヒグループホールディングス,disclosure_score,IR,統合報告書,https://www.asahigroup-holdings.com/ir/library/annual_report/,5,統合報告書で酒類と食品事業の戦略を確認,2026-05-14
アサヒグループホールディングス,culture_clarity_score,選考体験記,選考体験記・口コミ確認,,2,社風、選考フロー、面接傾向、働き方の補助ソース。複数サイトで裏取り推奨。,2026-05-14
キリンホールディングス,new_grad_access_score,採用ページ,新卒採用情報,https://www.kirinholdings.com/jp/recruit/newgraduate/,4,公式新卒採用サイトで募集職種を確認,2026-05-14
キリンホールディングス,disclosure_score,IR,統合レポート,https://www.kirinholdings.com/jp/investors/library/integrated_report/,5,統合レポートでCSV経営と事業戦略を確認,2026-05-14
キリンホールディングス,culture_clarity_score,選考体験記,選考体験記・口コミ確認,,2,社風、選考フロー、面接傾向、働き方の補助ソース。複数サイトで裏取り推奨。,2026-05-14
味の素,new_grad_access_score,採用ページ,新卒採用情報,https://www.ajinomoto.co.jp/company/jp/recruit/fresh/,4,公式新卒採用サイトで職種と募集要項を確認,2026-05-14
味の素,disclosure_score,IR,統合報告書,https://www.ajinomoto.co.jp/company/jp/ir/library/annual.html,5,統合報告書で食品とヘルスケア事業を確認,2026-05-14
味の素,culture_clarity_score,選考体験記,選考体験記・口コミ確認,,2,社風、選考フロー、面接傾向、働き方の補助ソース。複数サイトで裏取り推奨。,2026-05-14
明治ホールディングス,new_grad_access_score,採用ページ,新卒採用情報,https://www.meiji.com/recruit/newgraduate/,4,公式新卒採用サイトで募集情報を確認,2026-05-14
明治ホールディングス,disclosure_score,IR,統合報告書,https://www.meiji.com/investor/library/annualreports/,5,統合報告書で食品と医薬品事業を確認,2026-05-14
明治ホールディングス,culture_clarity_score,選考体験記,選考体験記・口コミ確認,,2,社風、選考フロー、面接傾向、働き方の補助ソース。複数サイトで裏取り推奨。,2026-05-14
日清食品ホールディングス,new_grad_access_score,採用ページ,新卒採用情報,https://www.nissin.com/jp/recruit/newgrads/,4,公式新卒採用サイトで募集情報を確認,2026-05-14
日清食品ホールディングス,disclosure_score,IR,統合報告書,https://www.nissin.com/jp/ir/library/annual/,5,統合報告書で即席麺事業と海外展開を確認,2026-05-14
日清食品ホールディングス,culture_clarity_score,選考体験記,選考体験記・口コミ確認,,2,社風、選考フロー、面接傾向、働き方の補助ソース。複数サイトで裏取り推奨。,2026-05-14
ロッテ,new_grad_access_score,採用ページ,新卒採用情報,https://www.lotte.co.jp/recruit/newgraduate/,4,公式新卒採用サイトで募集情報を確認,2026-05-14
ロッテ,disclosure_score,IR,サステナビリティレポート,https://www.lotte.co.jp/corporate/sustainability/report/,5,非上場に近い開示環境のためサステナビリティ資料で事業と人材情報を補完,2026-05-14
ロッテ,culture_clarity_score,選考体験記,選考体験記・口コミ確認,,2,社風、選考フロー、面接傾向、働き方の補助ソース。複数サイトで裏取り推奨。,2026-05-14
TOTO,new_grad_access_score,採用ページ,新卒採用情報,https://jp.toto.com/recruit/newgraduate/,4,公式新卒採用サイトで募集情報を確認,2026-05-14
TOTO,disclosure_score,IR,統合報告書,https://jp.toto.com/company/ir/reference/annual/,5,統合報告書で水まわり事業と海外展開を確認,2026-05-14
TOTO,culture_clarity_score,選考体験記,選考体験記・口コミ確認,,2,社風、選考フロー、面接傾向、働き方の補助ソース。複数サイトで裏取り推奨。,2026-05-14
武田薬品工業,new_grad_access_score,採用ページ,新卒採用情報,https://www.takeda.com/ja-jp/careers/new-graduates/,4,公式新卒採用サイトで募集職種を確認,2026-05-14
武田薬品工業,disclosure_score,IR,統合報告書/年次報告,https://www.takeda.com/jp/investors/reports/,5,IR資料で研究開発と人的資本情報を確認,2026-05-14
武田薬品工業,culture_clarity_score,選考体験記,選考体験記・口コミ確認,,2,社風、選考フロー、面接傾向、働き方の補助ソース。複数サイトで裏取り推奨。,2026-05-14
第一三共,new_grad_access_score,採用ページ,新卒採用情報,https://www.daiichisankyo.co.jp/recruit/students/,4,公式新卒採用サイトで募集職種を確認,2026-05-14
第一三共,disclosure_score,IR,統合報告書,https://www.daiichisankyo.co.jp/investors/library/annual_report/,5,統合報告書で研究開発と財務情報を確認,2026-05-14
第一三共,culture_clarity_score,選考体験記,選考体験記・口コミ確認,,2,社風、選考フロー、面接傾向、働き方の補助ソース。複数サイトで裏取り推奨。,2026-05-14
アステラス製薬,new_grad_access_score,採用ページ,新卒採用情報,https://www.astellas.com/jp/recruit/newgraduate,4,公式新卒採用サイトで募集職種を確認,2026-05-14
アステラス製薬,disclosure_score,IR,統合報告書,https://www.astellas.com/jp/investors/annual-report,5,統合報告書で研究開発と人的資本情報を確認,2026-05-14
アステラス製薬,culture_clarity_score,選考体験記,選考体験記・口コミ確認,,2,社風、選考フロー、面接傾向、働き方の補助ソース。複数サイトで裏取り推奨。,2026-05-14
エーザイ,new_grad_access_score,採用ページ,新卒採用情報,https://www.eisai.co.jp/recruit/newgraduate/,4,公式新卒採用サイトで募集職種を確認,2026-05-14
エーザイ,disclosure_score,IR,統合報告書,https://www.eisai.co.jp/ir/library/annual/index.html,5,統合報告書でhhc理念と研究開発情報を確認,2026-05-14
エーザイ,culture_clarity_score,選考体験記,選考体験記・口コミ確認,,2,社風、選考フロー、面接傾向、働き方の補助ソース。複数サイトで裏取り推奨。,2026-05-14
中外製薬,new_grad_access_score,採用ページ,新卒採用情報,https://www.chugai-pharm.co.jp/recruit/newgraduate/,4,公式新卒採用サイトで募集職種を確認,2026-05-14
中外製薬,disclosure_score,IR,統合報告書,https://www.chugai-pharm.co.jp/ir/reports_downloads/annual_reports.html,5,統合報告書でロシュ連携と研究開発情報を確認,2026-05-14
中外製薬,culture_clarity_score,選考体験記,選考体験記・口コミ確認,,2,社風、選考フロー、面接傾向、働き方の補助ソース。複数サイトで裏取り推奨。,2026-05-14
塩野義製薬,new_grad_access_score,採用ページ,新卒採用情報,https://www.shionogi.com/jp/ja/recruit/newgraduate.html,4,公式新卒採用サイトで募集職種を確認,2026-05-14
塩野義製薬,disclosure_score,IR,統合報告書,https://www.shionogi.com/jp/ja/investors/ir-library/annual-report.html,5,統合報告書で感染症領域と研究開発情報を確認,2026-05-14
塩野義製薬,culture_clarity_score,選考体験記,選考体験記・口コミ確認,,2,社風、選考フロー、面接傾向、働き方の補助ソース。複数サイトで裏取り推奨。,2026-05-14
大塚製薬,new_grad_access_score,採用ページ,新卒採用情報,https://www.otsuka.co.jp/recruit/newgraduate/,4,公式新卒採用サイトで募集職種を確認,2026-05-14
大塚製薬,disclosure_score,IR,統合報告書,https://www.otsuka.com/jp/ir/library/integrated-report/,5,統合報告書で医薬品とニュートラシューティカルズ事業を確認,2026-05-14
大塚製薬,culture_clarity_score,選考体験記,選考体験記・口コミ確認,,2,社風、選考フロー、面接傾向、働き方の補助ソース。複数サイトで裏取り推奨。,2026-05-14
大鵬薬品工業,new_grad_access_score,採用ページ,新卒採用エントリー,https://www.taiho.co.jp/recruit/entry/,5,公式採用エントリー導線を確認,2026-05-14
大鵬薬品工業,disclosure_score,IR,会社情報,https://www.taiho.co.jp/company/business/,5,非上場のため会社情報でがん領域と事業内容を確認,2026-05-14
大鵬薬品工業,culture_clarity_score,選考体験記,選考体験記・口コミ確認,,2,社風、選考フロー、面接傾向、働き方の補助ソース。複数サイトで裏取り推奨。,2026-05-14
電通,new_grad_access_score,採用ページ,2028年度新卒採用情報,https://www.career.dentsu.jp/recruit/2028/,5,公式2028年度採用ページを確認,2026-05-14
電通,disclosure_score,IR,統合レポート,https://www.group.dentsu.com/jp/ir/library/annual.html,5,統合レポートで広告と顧客変革事業を確認,2026-05-14
電通,culture_clarity_score,選考体験記,選考体験記・口コミ確認,,2,社風、選考フロー、面接傾向、働き方の補助ソース。複数サイトで裏取り推奨。,2026-05-14
博報堂DYグループ,new_grad_access_score,採用ページ,新卒採用情報,https://www.hakuhodo.co.jp/recruit/freshers/,4,公式新卒採用サイトで募集情報を確認,2026-05-14
博報堂DYグループ,disclosure_score,IR,統合報告書,https://www.hakuhodody-holdings.co.jp/ir/library/annual/,5,統合報告書で広告事業と人材情報を確認,2026-05-14
博報堂DYグループ,culture_clarity_score,選考体験記,選考体験記・口コミ確認,,2,社風、選考フロー、面接傾向、働き方の補助ソース。複数サイトで裏取り推奨。,2026-05-14
ADKホールディングス,new_grad_access_score,採用ページ,採用情報,https://www.adk.jp/recruit/,4,公式採用サイトで募集情報を確認,2026-05-14
ADKホールディングス,disclosure_score,IR,会社情報,https://www.adk.jp/company/,5,非上場のため会社情報で事業領域を確認,2026-05-14
ADKホールディングス,culture_clarity_score,選考体験記,選考体験記・口コミ確認,,2,社風、選考フロー、面接傾向、働き方の補助ソース。複数サイトで裏取り推奨。,2026-05-14
NHK,new_grad_access_score,採用ページ,新卒採用情報,https://www.nhk.or.jp/saiyo/,4,公式採用サイトで募集職種を確認,2026-05-14
NHK,disclosure_score,IR,年次報告書,https://www.nhk.or.jp/info/pr/annualreport/,5,公共放送の年次報告で事業と組織情報を確認,2026-05-14
NHK,culture_clarity_score,選考体験記,選考体験記・口コミ確認,,2,社風、選考フロー、面接傾向、働き方の補助ソース。複数サイトで裏取り推奨。,2026-05-14
日本テレビホールディングス,new_grad_access_score,採用ページ,新卒採用情報,https://www.ntv.co.jp/jinji/recruit/,4,公式採用サイトで募集職種を確認,2026-05-14
日本テレビホールディングス,disclosure_score,IR,統合報告書,https://www.ntvhd.co.jp/ir/library/annual.html,5,統合報告書で放送とコンテンツ事業を確認,2026-05-14
日本テレビホールディングス,culture_clarity_score,選考体験記,選考体験記・口コミ確認,,2,社風、選考フロー、面接傾向、働き方の補助ソース。複数サイトで裏取り推奨。,2026-05-14
フジ・メディア・ホールディングス,new_grad_access_score,採用ページ,新卒採用情報,https://www.fujitv.co.jp/saiyo/,4,公式採用サイトで募集職種を確認,2026-05-14
フジ・メディア・ホールディングス,disclosure_score,IR,統合報告書,https://www.fujimediahd.co.jp/ir/library/annual.html,5,統合報告書でメディア事業と財務情報を確認,2026-05-14
フジ・メディア・ホールディングス,culture_clarity_score,選考体験記,選考体験記・口コミ確認,,2,社風、選考フロー、面接傾向、働き方の補助ソース。複数サイトで裏取り推奨。,2026-05-14
任天堂,new_grad_access_score,採用ページ,新卒採用情報,https://www.nintendo.co.jp/jobs/recruit/index.html,4,公式採用サイトで募集職種を確認,2026-05-14
任天堂,disclosure_score,IR,統合報告書,https://www.nintendo.co.jp/ir/library/annual/index.html,5,統合報告書でゲーム事業と財務情報を確認,2026-05-14
任天堂,culture_clarity_score,選考体験記,選考体験記・口コミ確認,,2,社風、選考フロー、面接傾向、働き方の補助ソース。複数サイトで裏取り推奨。,2026-05-14
バンダイ / BANDAI SPIRITS,new_grad_access_score,採用ページ,新卒採用情報,https://www.bandai.co.jp/recruit/grad/,5,公式新卒採用サイトで募集情報を確認,2026-05-14
バンダイ / BANDAI SPIRITS,disclosure_score,IR,統合報告書,https://www.bandainamco.co.jp/ir/library/annual.html,5,バンダイナムコHD統合報告書でIP事業と財務情報を確認,2026-05-14
バンダイ / BANDAI SPIRITS,culture_clarity_score,選考体験記,選考体験記・口コミ確認,,2,社風、選考フロー、面接傾向、働き方の補助ソース。複数サイトで裏取り推奨。,2026-05-14
三井不動産,new_grad_access_score,採用ページ,新卒採用情報,https://www.mitsuifudosan.co.jp/recruit/newgraduate/,4,公式新卒採用サイトで募集職種を確認,2026-05-14
三井不動産,disclosure_score,IR,統合報告書,https://www.mitsuifudosan.co.jp/corporate/ir/library/annual_report/,5,統合報告書で都市開発と人的資本情報を確認,2026-05-14
三井不動産,culture_clarity_score,選考体験記,選考体験記・口コミ確認,,2,社風、選考フロー、面接傾向、働き方の補助ソース。複数サイトで裏取り推奨。,2026-05-14
三菱地所,new_grad_access_score,採用ページ,新卒採用情報,https://www.mec-recruit.com/newgraduate/,4,公式新卒採用サイトで募集職種を確認,2026-05-14
三菱地所,disclosure_score,IR,統合報告書,https://www.mec.co.jp/ir/library/annualreport/,5,統合報告書で都市開発と財務情報を確認,2026-05-14
三菱地所,culture_clarity_score,選考体験記,選考体験記・口コミ確認,,2,社風、選考フロー、面接傾向、働き方の補助ソース。複数サイトで裏取り推奨。,2026-05-14
住友不動産,new_grad_access_score,採用ページ,新卒採用情報,https://www.sumitomo-rd.co.jp/recruit/shinsotsu/,4,公式新卒採用サイトで募集職種を確認,2026-05-14
住友不動産,disclosure_score,IR,統合報告書,https://www.sumitomo-rd.co.jp/ir/library/annual/,5,IR資料で不動産開発と財務情報を確認,2026-05-14
住友不動産,culture_clarity_score,選考体験記,選考体験記・口コミ確認,,2,社風、選考フロー、面接傾向、働き方の補助ソース。複数サイトで裏取り推奨。,2026-05-14
JR東日本,new_grad_access_score,採用ページ,新卒採用情報,https://www.jreast.co.jp/recruit/new-graduate/,4,公式新卒採用サイトで募集職種を確認,2026-05-14
JR東日本,disclosure_score,IR,統合報告書,https://www.jreast.co.jp/investor/ar/,5,統合報告書で鉄道と生活サービス事業を確認,2026-05-14
JR東日本,culture_clarity_score,選考体験記,選考体験記・口コミ確認,,2,社風、選考フロー、面接傾向、働き方の補助ソース。複数サイトで裏取り推奨。,2026-05-14
東京電力ホールディングス,new_grad_access_score,採用ページ,新卒採用情報,https://www.tepco.co.jp/recruit/newgraduate/,4,公式新卒採用サイトで募集職種を確認,2026-05-14
東京電力ホールディングス,disclosure_score,IR,統合報告書,https://www.tepco.co.jp/about/ir/library/annual_report/,5,統合報告書で電力インフラと経営課題を確認,2026-05-14
東京電力ホールディングス,culture_clarity_score,選考体験記,選考体験記・口コミ確認,,2,社風、選考フロー、面接傾向、働き方の補助ソース。複数サイトで裏取り推奨。,2026-05-14
東京ガス,new_grad_access_score,採用ページ,新卒採用情報,https://www.tokyo-gas.co.jp/recruit/newgraduate/,4,公式新卒採用サイトで募集職種を確認,2026-05-14
東京ガス,disclosure_score,IR,統合報告書,https://www.tokyo-gas.co.jp/IR/library/annual_j.html,5,統合報告書でエネルギー転換と財務情報を確認,2026-05-14
東京ガス,culture_clarity_score,選考体験記,選考体験記・口コミ確認,,2,社風、選考フロー、面接傾向、働き方の補助ソース。複数サイトで裏取り推奨。,2026-05-14
SCSK,new_grad_access_score,採用ページ,新卒採用情報,https://www.scsk.jp/recruit/newgraduate/,4,公式新卒採用サイトで募集職種と選考情報を確認,2026-05-14
SCSK,disclosure_score,IR,統合報告書,https://www.scsk.jp/ir/library/annual.html,5,統合報告書でSI事業と人的資本情報を確認,2026-05-14
SCSK,culture_clarity_score,選考体験記,選考体験記・口コミ確認,,2,社風、選考フロー、面接傾向、働き方の補助ソース。複数サイトで裏取り推奨。,2026-05-14
TIS,new_grad_access_score,採用ページ,新卒採用情報,https://www.tis.co.jp/recruit/graduate/,4,公式新卒採用サイトで募集職種と選考情報を確認,2026-05-14
TIS,disclosure_score,IR,統合報告書,https://www.tis.co.jp/ir/library/annual_report/,5,統合報告書で決済とITサービス事業を確認,2026-05-14
TIS,culture_clarity_score,選考体験記,選考体験記・口コミ確認,,2,社風、選考フロー、面接傾向、働き方の補助ソース。複数サイトで裏取り推奨。,2026-05-14
BIPROGY,new_grad_access_score,採用ページ,新卒採用情報,https://www.biprogy.com/recruit/newgraduate/,4,公式新卒採用サイトで募集職種を確認,2026-05-14
BIPROGY,disclosure_score,IR,統合報告書,https://www.biprogy.com/ir/library/annual_report.html,5,統合報告書で社会基盤ITと人的資本情報を確認,2026-05-14
BIPROGY,culture_clarity_score,選考体験記,選考体験記・口コミ確認,,2,社風、選考フロー、面接傾向、働き方の補助ソース。複数サイトで裏取り推奨。,2026-05-14
伊藤忠テクノソリューションズ,new_grad_access_score,採用ページ,新卒採用情報,https://www.ctc-g.co.jp/recruit/newgraduate/,4,公式新卒採用サイトで募集職種を確認,2026-05-14
伊藤忠テクノソリューションズ,disclosure_score,IR,統合報告書,https://www.ctc-g.co.jp/company/ir/library/annual/,5,統合報告書でクラウドとITインフラ事業を確認,2026-05-14
伊藤忠テクノソリューションズ,culture_clarity_score,選考体験記,選考体験記・口コミ確認,,2,社風、選考フロー、面接傾向、働き方の補助ソース。複数サイトで裏取り推奨。,2026-05-14
日本IBM,new_grad_access_score,採用ページ,新卒/学生向け採用情報,https://www.ibm.com/jp-ja/careers/entry-level,4,公式採用サイトで学生向け募集情報を確認,2026-05-14
日本IBM,disclosure_score,IR,Annual Report,https://www.ibm.com/annualreport/,5,グローバル年次報告で事業と技術戦略を確認,2026-05-14
日本IBM,culture_clarity_score,選考体験記,選考体験記・口コミ確認,,2,社風、選考フロー、面接傾向、働き方の補助ソース。複数サイトで裏取り推奨。,2026-05-14
日本マイクロソフト,new_grad_access_score,採用ページ,学生向け採用情報,https://careers.microsoft.com/students/us/en/japan,4,公式採用サイトで学生向け募集情報を確認,2026-05-14
日本マイクロソフト,disclosure_score,IR,Annual Report 2025,https://www.microsoft.com/investor/reports/ar25/,5,グローバル年次報告でクラウドとAI事業を確認,2026-05-14
日本マイクロソフト,culture_clarity_score,選考体験記,選考体験記・口コミ確認,,2,社風、選考フロー、面接傾向、働き方の補助ソース。複数サイトで裏取り推奨。,2026-05-14
オービック,new_grad_access_score,採用ページ,新卒採用情報,https://www.obic.co.jp/recruit/,4,公式採用サイトで募集職種を確認,2026-05-14
オービック,disclosure_score,IR,統合報告書,https://www.obic.co.jp/ir/library/annualreport.html,5,統合報告書でERP事業と高収益性を確認,2026-05-14
オービック,culture_clarity_score,選考体験記,選考体験記・口コミ確認,,2,社風、選考フロー、面接傾向、働き方の補助ソース。複数サイトで裏取り推奨。,2026-05-14
GMOインターネットグループ,new_grad_access_score,採用ページ,採用情報,https://www.gmo.jp/recruit/,4,公式採用サイトで募集情報を確認,2026-05-14
GMOインターネットグループ,disclosure_score,IR,統合報告書,https://ir.gmo.jp/library/annual/,5,統合報告書でインターネットインフラと金融事業を確認,2026-05-14
GMOインターネットグループ,culture_clarity_score,選考体験記,選考体験記・口コミ確認,,2,社風、選考フロー、面接傾向、働き方の補助ソース。複数サイトで裏取り推奨。,2026-05-14
日本総合研究所,new_grad_access_score,採用ページ,採用情報,https://www.jri.co.jp/recruit/,4,公式採用サイトでコンサルとIT職種を確認,2026-05-14
日本総合研究所,disclosure_score,IR,SMFG統合報告書,https://www.smfg.co.jp/investor/library/annual/,5,グループ統合報告書で金融ITとシンクタンク機能を補完,2026-05-14
日本総合研究所,culture_clarity_score,選考体験記,選考体験記・口コミ確認,,2,社風、選考フロー、面接傾向、働き方の補助ソース。複数サイトで裏取り推奨。,2026-05-14
三菱UFJリサーチ&コンサルティング,new_grad_access_score,採用ページ,採用情報,https://www.murc.jp/recruit/,4,公式採用サイトで研究員とコンサル職を確認,2026-05-14
三菱UFJリサーチ&コンサルティング,disclosure_score,IR,MUFG統合報告書/開示資料,https://www.mufg.jp/ir/report/disclosure/,5,グループ開示資料で事業基盤を補完,2026-05-14
三菱UFJリサーチ&コンサルティング,culture_clarity_score,選考体験記,選考体験記・口コミ確認,,2,社風、選考フロー、面接傾向、働き方の補助ソース。複数サイトで裏取り推奨。,2026-05-14
三菱総合研究所,new_grad_access_score,採用ページ,採用情報,https://www.mri.co.jp/recruit/,4,公式採用サイトで研究員とコンサル職を確認,2026-05-14
三菱総合研究所,disclosure_score,IR,統合報告書,https://www.mri.co.jp/ir/library/annualreport/,5,統合報告書で政策研究とDX事業を確認,2026-05-14
三菱総合研究所,culture_clarity_score,選考体験記,選考体験記・口コミ確認,,2,社風、選考フロー、面接傾向、働き方の補助ソース。複数サイトで裏取り推奨。,2026-05-14
ドリームインキュベータ,new_grad_access_score,採用ページ,採用情報,https://www.dreamincubator.co.jp/recruit/,4,公式採用サイトで戦略コンサルと事業創造職を確認,2026-05-14
ドリームインキュベータ,disclosure_score,IR,IRライブラリ,https://www.dreamincubator.co.jp/ir/library/,5,IR資料で事業創造と投資領域を確認,2026-05-14
ドリームインキュベータ,culture_clarity_score,選考体験記,選考体験記・口コミ確認,,2,社風、選考フロー、面接傾向、働き方の補助ソース。複数サイトで裏取り推奨。,2026-05-14
りそな銀行,new_grad_access_score,採用ページ,新卒採用情報,https://www.resona-gr.co.jp/holdings/recruit/newgraduate/,4,公式新卒採用サイトで募集職種を確認,2026-05-14
りそな銀行,disclosure_score,IR,統合報告書/ディスクロージャー誌,https://www.resona-gr.co.jp/holdings/investors/ir/disclosure/,5,開示資料で銀行事業と人的資本情報を確認,2026-05-14
りそな銀行,culture_clarity_score,選考体験記,選考体験記・口コミ確認,,2,社風、選考フロー、面接傾向、働き方の補助ソース。複数サイトで裏取り推奨。,2026-05-14
ゆうちょ銀行,new_grad_access_score,採用ページ,新卒採用情報,https://www.jp-bank.japanpost.jp/recruit/newgraduate/,4,公式新卒採用サイトで募集情報を確認,2026-05-14
ゆうちょ銀行,disclosure_score,IR,統合報告書,https://www.jp-bank.japanpost.jp/ir/financial/annualreport/,5,統合報告書で銀行事業と公共性を確認,2026-05-14
ゆうちょ銀行,culture_clarity_score,選考体験記,選考体験記・口コミ確認,,2,社風、選考フロー、面接傾向、働き方の補助ソース。複数サイトで裏取り推奨。,2026-05-14
かんぽ生命保険,new_grad_access_score,採用ページ,新卒採用情報,https://www.jp-life.japanpost.jp/recruit/newgraduate/,4,公式新卒採用サイトで募集情報を確認,2026-05-14
かんぽ生命保険,disclosure_score,IR,統合報告書/ディスクロージャー誌,https://www.jp-life.japanpost.jp/IR/library/disclosure/,5,開示資料で生命保険事業と財務情報を確認,2026-05-14
かんぽ生命保険,culture_clarity_score,選考体験記,選考体験記・口コミ確認,,2,社風、選考フロー、面接傾向、働き方の補助ソース。複数サイトで裏取り推奨。,2026-05-14
明治安田生命保険,new_grad_access_score,採用ページ,新卒採用情報,https://www.meijiyasuda-saiyo.com/,4,公式新卒採用サイトで募集職種を確認,2026-05-14
明治安田生命保険,disclosure_score,IR,ディスクロージャー誌,https://www.meijiyasuda.co.jp/profile/corporate_info/disclosure/,5,相互会社の開示資料で経営情報と人的資本を確認,2026-05-14
明治安田生命保険,culture_clarity_score,選考体験記,選考体験記・口コミ確認,,2,社風、選考フロー、面接傾向、働き方の補助ソース。複数サイトで裏取り推奨。,2026-05-14
住友生命保険,new_grad_access_score,採用ページ,新卒採用情報,https://www.sumitomolife.co.jp/about/employ/saiyo/,4,公式採用サイトで募集職種を確認,2026-05-14
住友生命保険,disclosure_score,IR,ディスクロージャー誌,https://www.sumitomolife.co.jp/about/company/disclosure/,5,開示資料で生命保険事業と経営情報を確認,2026-05-14
住友生命保険,culture_clarity_score,選考体験記,選考体験記・口コミ確認,,2,社風、選考フロー、面接傾向、働き方の補助ソース。複数サイトで裏取り推奨。,2026-05-14
オリックス,new_grad_access_score,採用ページ,新卒採用情報,https://www.orix.co.jp/recruit/newgraduate/,4,公式新卒採用サイトで募集職種を確認,2026-05-14
オリックス,disclosure_score,IR,統合報告書,https://www.orix.co.jp/grp/company/ir/library/annual_report/,5,統合報告書で金融サービスと事業投資を確認,2026-05-14
オリックス,culture_clarity_score,選考体験記,選考体験記・口コミ確認,,2,社風、選考フロー、面接傾向、働き方の補助ソース。複数サイトで裏取り推奨。,2026-05-14
三井住友カード,new_grad_access_score,採用ページ,新卒採用情報,https://www.smbc-card.com/company/recruit/newgraduate/,4,公式新卒採用サイトで募集職種を確認,2026-05-14
三井住友カード,disclosure_score,IR,SMFG統合報告書,https://www.smfg.co.jp/investor/library/annual/,5,グループ開示資料で決済事業と人的資本情報を補完,2026-05-14
三井住友カード,culture_clarity_score,選考体験記,選考体験記・口コミ確認,,2,社風、選考フロー、面接傾向、働き方の補助ソース。複数サイトで裏取り推奨。,2026-05-14
日本政策投資銀行,new_grad_access_score,採用ページ,新卒採用情報,https://www.dbj.jp/recruit/newgraduate/,4,公式新卒採用サイトで募集職種を確認,2026-05-14
日本政策投資銀行,disclosure_score,IR,統合報告書,https://www.dbj.jp/ir/library/annual/,5,統合報告書で投融資と社会インフラ支援を確認,2026-05-14
日本政策投資銀行,culture_clarity_score,選考体験記,選考体験記・口コミ確認,,2,社風、選考フロー、面接傾向、働き方の補助ソース。複数サイトで裏取り推奨。,2026-05-14
ヤマハ発動機,new_grad_access_score,採用ページ,新卒採用情報,https://global.yamaha-motor.com/jp/recruit/newgraduate/,4,公式新卒採用サイトで募集職種を確認,2026-05-14
ヤマハ発動機,disclosure_score,IR,統合報告書,https://global.yamaha-motor.com/jp/ir/library/annual/,5,統合報告書で二輪とマリン事業を確認,2026-05-14
ヤマハ発動機,culture_clarity_score,選考体験記,選考体験記・口コミ確認,,2,社風、選考フロー、面接傾向、働き方の補助ソース。複数サイトで裏取り推奨。,2026-05-14
川崎重工業,new_grad_access_score,採用ページ,新卒採用情報,https://www.khi.co.jp/recruit/newgraduate/,4,公式新卒採用サイトで募集職種を確認,2026-05-14
川崎重工業,disclosure_score,IR,統合報告書,https://www.khi.co.jp/ir/library/annualreport/,5,統合報告書で航空宇宙とエネルギー事業を確認,2026-05-14
川崎重工業,culture_clarity_score,選考体験記,選考体験記・口コミ確認,,2,社風、選考フロー、面接傾向、働き方の補助ソース。複数サイトで裏取り推奨。,2026-05-14
IHI,new_grad_access_score,採用ページ,新卒採用情報,https://www.ihi.co.jp/recruit/newgraduate/,4,公式新卒採用サイトで募集職種を確認,2026-05-14
IHI,disclosure_score,IR,統合報告書,https://www.ihi.co.jp/ir/library/annual_report/,5,統合報告書で航空エンジンと社会基盤事業を確認,2026-05-14
IHI,culture_clarity_score,選考体験記,選考体験記・口コミ確認,,2,社風、選考フロー、面接傾向、働き方の補助ソース。複数サイトで裏取り推奨。,2026-05-14
三菱重工業,new_grad_access_score,採用ページ,新卒採用情報,https://www.mhi.com/jp/recruit/shinsotsu/,4,公式新卒採用サイトで募集職種を確認,2026-05-14
三菱重工業,disclosure_score,IR,統合報告書,https://www.mhi.com/jp/finance/library/annual,5,統合報告書で防衛とエネルギーと産業機械を確認,2026-05-14
三菱重工業,culture_clarity_score,選考体験記,選考体験記・口コミ確認,,2,社風、選考フロー、面接傾向、働き方の補助ソース。複数サイトで裏取り推奨。,2026-05-14
島津製作所,new_grad_access_score,採用ページ,新卒採用情報,https://www.shimadzu.co.jp/recruit/newgraduate/,4,公式新卒採用サイトで募集職種を確認,2026-05-14
島津製作所,disclosure_score,IR,統合報告書,https://www.shimadzu.co.jp/ir/library/annual.html,5,統合報告書で計測機器と医用機器事業を確認,2026-05-14
島津製作所,culture_clarity_score,選考体験記,選考体験記・口コミ確認,,2,社風、選考フロー、面接傾向、働き方の補助ソース。複数サイトで裏取り推奨。,2026-05-14
セイコーエプソン,new_grad_access_score,採用ページ,新卒採用情報,https://corporate.epson/ja/careers/newgraduates/,4,公式新卒採用サイトで募集職種を確認,2026-05-14
セイコーエプソン,disclosure_score,IR,統合報告書,https://corporate.epson/ja/investors/ir-library/annual-report/,5,統合報告書でプリンティングと精密機器事業を確認,2026-05-14
セイコーエプソン,culture_clarity_score,選考体験記,選考体験記・口コミ確認,,2,社風、選考フロー、面接傾向、働き方の補助ソース。複数サイトで裏取り推奨。,2026-05-14
ルネサスエレクトロニクス,new_grad_access_score,採用ページ,新卒採用情報,https://www.renesas.com/jp/ja/about/careers/new-graduates,4,公式採用サイトで新卒募集情報を確認,2026-05-14
ルネサスエレクトロニクス,disclosure_score,IR,アニュアルレポート,https://www.renesas.com/jp/ja/about/investor-relations/ir-library/annual-reports,5,IR資料で車載と産業向け半導体事業を確認,2026-05-14
ルネサスエレクトロニクス,culture_clarity_score,選考体験記,選考体験記・口コミ確認,,2,社風、選考フロー、面接傾向、働き方の補助ソース。複数サイトで裏取り推奨。,2026-05-14
ローム,new_grad_access_score,採用ページ,新卒採用情報,https://www.rohm.co.jp/recruit/newgraduate,4,公式新卒採用サイトで募集職種を確認,2026-05-14
ローム,disclosure_score,IR,統合報告書,https://www.rohm.co.jp/ir/library/annual-report,5,統合報告書でアナログ半導体と電子部品事業を確認,2026-05-14
ローム,culture_clarity_score,選考体験記,選考体験記・口コミ確認,,2,社風、選考フロー、面接傾向、働き方の補助ソース。複数サイトで裏取り推奨。,2026-05-14
SCREENホールディングス,new_grad_access_score,採用ページ,新卒採用情報,https://www.screen.co.jp/recruit/fresh/,4,公式新卒採用サイトで募集職種を確認,2026-05-14
SCREENホールディングス,disclosure_score,IR,統合報告書,https://www.screen.co.jp/ir/library/annual,5,統合報告書で半導体製造装置事業を確認,2026-05-14
SCREENホールディングス,culture_clarity_score,選考体験記,選考体験記・口コミ確認,,2,社風、選考フロー、面接傾向、働き方の補助ソース。複数サイトで裏取り推奨。,2026-05-14
アドバンテスト,new_grad_access_score,採用ページ,新卒採用情報,https://www.advantest.com/ja/careers/new-graduate/,4,公式採用サイトで新卒募集情報を確認,2026-05-14
アドバンテスト,disclosure_score,IR,統合報告書,https://www.advantest.com/ja/investors/library/annual-report/,5,統合報告書で半導体テスター事業を確認,2026-05-14
アドバンテスト,culture_clarity_score,選考体験記,選考体験記・口コミ確認,,2,社風、選考フロー、面接傾向、働き方の補助ソース。複数サイトで裏取り推奨。,2026-05-14
ディスコ,new_grad_access_score,採用ページ,採用情報,https://www.disco.co.jp/recruit/,4,公式採用サイトで募集情報を確認,2026-05-14
ディスコ,disclosure_score,IR,アニュアルレポート,https://www.disco.co.jp/ir/library/annualreport/,5,IR資料で半導体加工装置事業と高収益性を確認,2026-05-14
ディスコ,culture_clarity_score,選考体験記,選考体験記・口コミ確認,,2,社風、選考フロー、面接傾向、働き方の補助ソース。複数サイトで裏取り推奨。,2026-05-14
カゴメ,new_grad_access_score,採用ページ,新卒採用情報,https://www.kagome.co.jp/company/recruit/newgraduate/,4,公式新卒採用サイトで募集情報を確認,2026-05-14
カゴメ,disclosure_score,IR,統合報告書,https://www.kagome.co.jp/company/ir/library/annualreport/,5,統合報告書で食品事業とサステナビリティを確認,2026-05-14
カゴメ,culture_clarity_score,選考体験記,選考体験記・口コミ確認,,2,社風、選考フロー、面接傾向、働き方の補助ソース。複数サイトで裏取り推奨。,2026-05-14
森永乳業,new_grad_access_score,採用ページ,新卒採用情報,https://www.morinagamilk.co.jp/recruit/newgraduate/,4,公式新卒採用サイトで募集情報を確認,2026-05-14
森永乳業,disclosure_score,IR,統合報告書,https://www.morinagamilk.co.jp/ir/library/annual.html,5,統合報告書で乳製品と機能性食品事業を確認,2026-05-14
森永乳業,culture_clarity_score,選考体験記,選考体験記・口コミ確認,,2,社風、選考フロー、面接傾向、働き方の補助ソース。複数サイトで裏取り推奨。,2026-05-14
江崎グリコ,new_grad_access_score,採用ページ,新卒採用情報,https://www.glico.com/jp/recruit/newgraduate/,4,公式新卒採用サイトで募集情報を確認,2026-05-14
江崎グリコ,disclosure_score,IR,統合報告書,https://www.glico.com/jp/company/ir/library/annualreport/,5,統合報告書で菓子と食品事業を確認,2026-05-14
江崎グリコ,culture_clarity_score,選考体験記,選考体験記・口コミ確認,,2,社風、選考フロー、面接傾向、働き方の補助ソース。複数サイトで裏取り推奨。,2026-05-14
キッコーマン,new_grad_access_score,採用ページ,新卒採用情報,https://www.kikkoman.com/jp/corporate/careers/newgraduate/,4,公式採用サイトで募集情報を確認,2026-05-14
キッコーマン,disclosure_score,IR,統合報告書,https://www.kikkoman.com/jp/ir/library/annualreport/,5,統合報告書で海外食品展開と財務情報を確認,2026-05-14
キッコーマン,culture_clarity_score,選考体験記,選考体験記・口コミ確認,,2,社風、選考フロー、面接傾向、働き方の補助ソース。複数サイトで裏取り推奨。,2026-05-14
P&Gジャパン,new_grad_access_score,採用ページ,新卒採用情報,https://japan.pgcareers.com/graduates,4,公式採用サイトで学生向け募集情報を確認,2026-05-14
P&Gジャパン,disclosure_score,IR,Annual Report,https://www.pginvestor.com/financial-reporting/annual-reports/default.aspx,5,グローバル年次報告で消費財事業と人材情報を確認,2026-05-14
P&Gジャパン,culture_clarity_score,選考体験記,選考体験記・口コミ確認,,2,社風、選考フロー、面接傾向、働き方の補助ソース。複数サイトで裏取り推奨。,2026-05-14
協和キリン,new_grad_access_score,採用ページ,新卒採用情報,https://www.kyowakirin.co.jp/recruit/newgraduate/,4,公式新卒採用サイトで募集職種を確認,2026-05-14
協和キリン,disclosure_score,IR,統合報告書,https://ir.kyowakirin.com/ja/library/annual.html,5,統合報告書でバイオ医薬品と研究開発情報を確認,2026-05-14
協和キリン,culture_clarity_score,選考体験記,選考体験記・口コミ確認,,2,社風、選考フロー、面接傾向、働き方の補助ソース。複数サイトで裏取り推奨。,2026-05-14
小野薬品工業,new_grad_access_score,採用ページ,新卒採用情報,https://www.ono-pharma.com/ja/recruit/newgraduate,4,公式新卒採用サイトで募集職種を確認,2026-05-14
小野薬品工業,disclosure_score,IR,統合報告書,https://www.ono-pharma.com/ja/ir/library/annual-report,5,統合報告書でがん免疫領域と研究開発情報を確認,2026-05-14
小野薬品工業,culture_clarity_score,選考体験記,選考体験記・口コミ確認,,2,社風、選考フロー、面接傾向、働き方の補助ソース。複数サイトで裏取り推奨。,2026-05-14
テルモ,new_grad_access_score,採用ページ,新卒採用情報,https://www.terumo.co.jp/recruit/newgraduate/,4,公式新卒採用サイトで募集職種を確認,2026-05-14
テルモ,disclosure_score,IR,統合報告書,https://www.terumo.co.jp/investors/library/annual_report,5,統合報告書で医療機器事業と人的資本情報を確認,2026-05-14
テルモ,culture_clarity_score,選考体験記,選考体験記・口コミ確認,,2,社風、選考フロー、面接傾向、働き方の補助ソース。複数サイトで裏取り推奨。,2026-05-14
東宝,new_grad_access_score,採用ページ,新卒採用情報,https://www.toho.co.jp/recruit/newgraduate/,4,公式採用サイトで募集情報を確認,2026-05-14
東宝,disclosure_score,IR,統合報告書,https://www.toho.co.jp/ir/library/annual-report,5,統合報告書で映画と演劇と不動産事業を確認,2026-05-14
東宝,culture_clarity_score,選考体験記,選考体験記・口コミ確認,,2,社風、選考フロー、面接傾向、働き方の補助ソース。複数サイトで裏取り推奨。,2026-05-14
ソニー・ミュージックグループ,new_grad_access_score,採用ページ,新卒採用情報,https://saiyo.sme.co.jp/graduate/,4,公式新卒採用サイトで募集情報を確認,2026-05-14
ソニー・ミュージックグループ,disclosure_score,IR,ソニーグループ統合報告書,https://www.sony.com/ja/SonyInfo/IR/library/presen/annual_report/,5,グループ統合報告書で音楽とIP事業を補完,2026-05-14
ソニー・ミュージックグループ,culture_clarity_score,選考体験記,選考体験記・口コミ確認,,2,社風、選考フロー、面接傾向、働き方の補助ソース。複数サイトで裏取り推奨。,2026-05-14
テレビ朝日,new_grad_access_score,採用ページ,新卒採用情報,https://company.tv-asahi.co.jp/saiyo/shinsotsu/,4,公式新卒採用サイトで募集職種を確認,2026-05-14
テレビ朝日,disclosure_score,IR,統合報告書,https://www.tv-asahihd.co.jp/ir/library/annual.html,5,統合報告書で放送とコンテンツ事業を確認,2026-05-14
テレビ朝日,culture_clarity_score,選考体験記,選考体験記・口コミ確認,,2,社風、選考フロー、面接傾向、働き方の補助ソース。複数サイトで裏取り推奨。,2026-05-14
TBSテレビ,new_grad_access_score,採用ページ,採用情報,https://www.tbsholdings.co.jp/recruit/,4,公式採用サイトで募集情報を確認,2026-05-14
TBSテレビ,disclosure_score,IR,統合報告書,https://www.tbsholdings.co.jp/ir/library/annual/,5,TBS HD統合報告書でメディアとコンテンツ事業を確認,2026-05-14
TBSテレビ,culture_clarity_score,選考体験記,選考体験記・口コミ確認,,2,社風、選考フロー、面接傾向、働き方の補助ソース。複数サイトで裏取り推奨。,2026-05-14
JR西日本,new_grad_access_score,採用ページ,新卒採用情報,https://www.westjr.co.jp/company/recruit/fresh/,4,公式新卒採用サイトで募集職種を確認,2026-05-14
JR西日本,disclosure_score,IR,統合報告書,https://www.westjr.co.jp/company/ir/library/annual-report/,5,統合報告書で鉄道と地域共創事業を確認,2026-05-14
JR西日本,culture_clarity_score,選考体験記,選考体験記・口コミ確認,,2,社風、選考フロー、面接傾向、働き方の補助ソース。複数サイトで裏取り推奨。,2026-05-14
JR東海,new_grad_access_score,採用ページ,新卒採用情報,https://saiyo.jr-central.co.jp/,4,公式採用サイトで募集職種を確認,2026-05-14
JR東海,disclosure_score,IR,統合報告書,https://company.jr-central.co.jp/ir/annualreport/,5,統合報告書で東海道新幹線と中央新幹線事業を確認,2026-05-14
JR東海,culture_clarity_score,選考体験記,選考体験記・口コミ確認,,2,社風、選考フロー、面接傾向、働き方の補助ソース。複数サイトで裏取り推奨。,2026-05-14
NTT都市開発,new_grad_access_score,採用ページ,新卒採用情報,https://www.nttud.co.jp/recruit/newgraduate/,4,公式新卒採用サイトで募集情報を確認,2026-05-14
NTT都市開発,disclosure_score,IR,統合報告書,https://www.nttud.co.jp/ir/library/annualreport/,5,統合報告書で都市開発とNTTグループ連携を確認,2026-05-14
NTT都市開発,culture_clarity_score,選考体験記,選考体験記・口コミ確認,,2,社風、選考フロー、面接傾向、働き方の補助ソース。複数サイトで裏取り推奨。,2026-05-14
森ビル,new_grad_access_score,採用ページ,新卒採用情報,https://www.mori.co.jp/recruit/newgraduate/,4,公式新卒採用サイトで募集情報を確認,2026-05-14
森ビル,disclosure_score,IR,会社/IR情報,https://www.mori.co.jp/company/ir/,5,非上場に近い開示環境のため会社情報とIR関連情報で都市開発事業を確認,2026-05-14
森ビル,culture_clarity_score,選考体験記,選考体験記・口コミ確認,,2,社風、選考フロー、面接傾向、働き方の補助ソース。複数サイトで裏取り推奨。,2026-05-14
鹿島建設,new_grad_access_score,採用ページ,新卒採用情報,https://www.kajima.co.jp/prof/recruit/newgraduate/,4,公式新卒採用サイトで募集職種を確認,2026-05-14
鹿島建設,disclosure_score,IR,統合報告書,https://www.kajima.co.jp/ir/library/annual_report/,5,統合報告書で建設と開発事業を確認,2026-05-14
鹿島建設,culture_clarity_score,選考体験記,選考体験記・口コミ確認,,2,社風、選考フロー、面接傾向、働き方の補助ソース。複数サイトで裏取り推奨。,2026-05-14
大成建設,new_grad_access_score,採用ページ,新卒採用情報,https://www.taisei.co.jp/saiyo/new/,4,公式新卒採用サイトで募集職種を確認,2026-05-14
大成建設,disclosure_score,IR,統合報告書,https://www.taisei.co.jp/about_us/wn/ir/library/annual_report/,5,統合報告書で建設事業と人的資本情報を確認,2026-05-14
大成建設,culture_clarity_score,選考体験記,選考体験記・口コミ確認,,2,社風、選考フロー、面接傾向、働き方の補助ソース。複数サイトで裏取り推奨。,2026-05-14
関西電力,new_grad_access_score,採用ページ,新卒採用情報,https://www.kepco.co.jp/recruit/newgraduate/,4,公式新卒採用サイトで募集職種を確認,2026-05-14
関西電力,disclosure_score,IR,統合報告書,https://www.kepco.co.jp/ir/library/annual/,5,統合報告書で電力事業と脱炭素戦略を確認,2026-05-14
関西電力,culture_clarity_score,選考体験記,選考体験記・口コミ確認,,2,社風、選考フロー、面接傾向、働き方の補助ソース。複数サイトで裏取り推奨。,2026-05-14
